[
  {
    "_id": "57bb44dd21d2befb7ca3f001",
    "name": "User 1",
    "age": 20,
    "languages": [
      { "language": "en", "skill": "fluent"},
      { "language": "fr", "skill": "native"}
    ],
    "contacts": {
      "email": "user1@example.com",
      "phones": ["111-222-333", "444-555-666"]
    },
    "gender": "male"
  },
  {
    "_id": "57bb44dd21d2befb7ca3f002",
    "name": "User 2",
    "age": 28,
    "languages": [
      { "language": "th", "skill": "native"},
      { "language": "en", "skill": "fluent"}
    ],
    "contacts": {
      "email": "user2@example.com",
      "phones": ["222-444-666"]
    },
    "gender": "ladyboy"
  },
  {
    "_id": "57bb44dd21d2befb7ca3f003",
    "name": "User 3",
    "age": 55,
    "languages": [
      { "language": "en", "skill": "fluent"}
    ],
    "contacts": {
      "email": "user3@example.com",
      "phones": ["333-444-666"]
    },
    "gender": "female"
  },
  {
    "_id": "57bb44dd21d2befb7ca3f004",
    "name": "User 4",
    "age": 18,
    "languages": [
      { "language": "ru", "skill": "fluent"}
    ],
    "contacts": {
      "email": "user4@example.com",
      "phones": ["444-444-666"]
    },
    "gender": "male"
  },
  {
    "_id": "57bb44dd21d2befb7ca3f005",
    "name": "User 5",
    "age": 28,
    "languages": [
      { "language": "es", "skill": "fluent"}
    ],
    "contacts": {
      "email": "user5@example.com",
      "phones": ["555-555-666"]
    },
    "gender": "female"
  },
  {
    "_id": "57bb44dd21d2befb7ca3f006",
    "name": "User 6",
    "age": 33,
    "languages": [
      { "language": "en", "skill": "basic"},
      { "language": "fr", "skill": "fluent"}
    ],
    "contacts": {
      "email": "user6@example.com",
      "phones": ["666-555-333"]
    },
    "gender": "female"
  },
  {
    "_id": "57bb44dd21d2befb7ca3f007",
    "name": "User 7",
    "age": 32,
    "languages": [
      { "language": "fr", "skill": "basic"},
      { "language": "ru", "skill": "fluent"}
    ],
    "contacts": {
      "email": "user7@example.com",
      "phones": ["777-555-333"]
    },
    "gender": "male"
  },
  {
    "_id": "57bb44dd21d2befb7ca3f008",
    "name": "User 8",
    "age": 28,
    "languages": [
      { "language": "en", "skill": "fluent"}
    ],
    "contacts": {
      "email": "user8@example.com",
      "phones": ["888-555-333"]
    },
    "gender": "female"
  },
  {
    "_id": "57bb44dd21d2befb7ca3f009",
    "name": "User 9",
    "age": 21,
    "languages": [
      { "language": "es", "skill": "fluent"}
    ],
    "contacts": {
      "email": "user9@example.com",
      "phones": ["999-555-333"]
    },
    "gender": "male"
  },
  {
    "_id": "57bb44dd21d2befb7ca3f010",
    "name": "User 10",
    "age": 21,
    "languages": [
      { "language": "en", "skill": "fluent"}
    ],
    "contacts": {
      "email": "user10@example.com",
      "phones": ["000-555-333"]
    },
    "gender": "female"
  }
]
